explored_rate,mae,iou,f1
0.10040608793497086,0.6001265645027161,0.37795957922935486,0.5485786199569702
0.10040608793497086,0.7043285965919495,0.32845643162727356,0.4944933354854584
0.10040608793497086,0.5395485162734985,0.3134523928165436,0.4772953987121582
0.10040608793497086,0.6728295087814331,0.3886019289493561,0.559702455997467
0.10056451708078384,0.429320365190506,0.28198617696762085,0.4399207532405853
0.10056451708078384,0.5634151101112366,0.3353704810142517,0.502288281917572
0.10056451708078384,0.6030520796775818,0.33278873562812805,0.49938708543777466
0.10056451708078384,0.6095638275146484,0.3638985753059387,0.5336152911186218
0.10547752678394318,0.4381396770477295,0.6655353307723999,0.7991849184036255
0.10547752678394318,0.48209625482559204,0.6657276749610901,0.799323558807373
0.10547752678394318,0.6790649890899658,0.4291189908981323,0.6005364060401917
0.10547752678394318,0.4112201929092407,0.7010287642478943,0.8242409229278564
0.10629213601350784,0.6665306091308594,0.4022713601589203,0.5737425088882446
0.10629213601350784,0.4890042245388031,0.4574281573295593,0.6277196407318115
0.10629213601350784,0.4853947162628174,0.45322826504707336,0.6237537264823914
0.10629213601350784,0.4056144058704376,0.34360426664352417,0.5114664435386658
0.10971292108297348,0.6161777377128601,0.4245870113372803,0.5960843563079834
0.10971292108297348,0.708285391330719,0.3907131552696228,0.5618889331817627
0.10971292108297348,0.6997085213661194,0.3831387162208557,0.5540134310722351
0.10971292108297348,0.5759333968162537,0.3237605690956116,0.48915278911590576
0.11088816076517105,0.5199099779129028,0.5346537232398987,0.696774423122406
0.11088816076517105,0.43171343207359314,0.6110193133354187,0.7585499286651611
0.11088816076517105,0.44557175040245056,0.6183083653450012,0.7641416192054749
0.11088816076517105,0.6287323832511902,0.3778004050254822,0.548410952091217
0.11151057481765747,0.5149728059768677,0.6275296807289124,0.7711437940597534
0.11151057481765747,0.7419378757476807,0.3240244686603546,0.48945391178131104
0.11151057481765747,0.5091552138328552,0.6070764660835266,0.7555041909217834
0.11151057481765747,0.5156363844871521,0.5903750061988831,0.7424349784851074
0.11276242882013321,0.5744649767875671,0.4093775749206543,0.5809338688850403
0.11276242882013321,0.4199388325214386,0.38165467977523804,0.5524603128433228
0.11276242882013321,0.6229926347732544,0.3984512984752655,0.569846510887146
0.11276242882013321,0.6809841394424438,0.38355687260627747,0.5544504523277283
0.11516854166984558,0.4650346040725708,0.34772366285324097,0.5160162448883057
0.11516854166984558,0.5143992900848389,0.497225284576416,0.6641956567764282
0.11516854166984558,0.5135026574134827,0.4768315851688385,0.6457494497299194
0.11516854166984558,0.6426031589508057,0.4405077397823334,0.6116006374359131
0.11606936156749725,0.8991560935974121,0.2830434739589691,0.4412063658237457
0.11606936156749725,0.7294092774391174,0.46316954493522644,0.6331043839454651
0.11606936156749725,0.604525089263916,0.5589766502380371,0.7171071171760559
0.11606936156749725,0.5494503974914551,0.6033337712287903,0.7525991201400757
0.12102439254522324,0.6526011228561401,0.42496395111083984,0.5964556932449341
0.12102439254522324,0.659672200679779,0.24472589790821075,0.39322054386138916
0.12102439254522324,0.7369562387466431,0.403075248003006,0.5745596885681152
0.12102439254522324,0.6744970083236694,0.41289222240448,0.584463894367218
0.1244736835360527,0.5897193551063538,0.5581613183021545,0.7164358496665955
0.1244736835360527,0.5669274926185608,0.5901514291763306,0.7422581315040588
0.1244736835360527,0.6492121815681458,0.4224640130996704,0.5939890146255493
0.1244736835360527,0.6611078977584839,0.49262696504592896,0.6600804924964905
0.12951871752738953,0.5068032741546631,0.3193095028400421,0.4840554893016815
0.12951871752738953,0.7122781872749329,0.36040887236595154,0.5298537611961365
0.12951871752738953,0.632739245891571,0.3579813241958618,0.5272257328033447
0.12951871752738953,0.5101811289787292,0.4293210506439209,0.6007342338562012
0.1305755376815796,0.3466741144657135,0.41837403178215027,0.5899347066879272
0.1305755376815796,0.7456448674201965,0.3426051437854767,0.5103587508201599
0.1305755376815796,0.7214317321777344,0.32143181562423706,0.4864901900291443
0.1305755376815796,0.9019259810447693,0.3014638423919678,0.46326887607574463
0.13376206159591675,0.3615485429763794,0.6976078748703003,0.8218716382980347
0.13376206159591675,0.5499258637428284,0.46521711349487305,0.6350145936012268
0.13376206159591675,0.3797301948070526,0.6437878608703613,0.7832980155944824
0.13376206159591675,0.3604455590248108,0.6903768181800842,0.8168318271636963
0.13452941179275513,0.7342249155044556,0.33190396428108215,0.49839022755622864
0.13452941179275513,0.6852933764457703,0.30397912859916687,0.46623310446739197
0.13452941179275513,0.747556746006012,0.2892403304576874,0.44869884848594666
0.13452941179275513,0.5559651255607605,0.20783396065235138,0.34414324164390564
0.13528302311897278,0.6696431040763855,0.3693642020225525,0.5394681692123413
0.13528302311897278,0.7917811274528503,0.3550035059452057,0.5239890813827515
0.13528302311897278,0.41378605365753174,0.3829396665096283,0.5538052916526794
0.13528302311897278,0.6707252860069275,0.39389118552207947,0.5651677846908569
0.136649489402771,0.6230062246322632,0.24850855767726898,0.398088663816452
0.136649489402771,0.6540901064872742,0.3798350393772125,0.5505514144897461
0.136649489402771,0.7059935331344604,0.3561771810054779,0.5252664685249329
0.136649489402771,0.7851060032844543,0.3530140221118927,0.5218186974525452
0.13931624591350555,0.7856927514076233,0.29699453711509705,0.457973450422287
0.13931624591350555,0.26558879017829895,0.4582861661911011,0.6285271048545837
0.13931624591350555,0.7141737341880798,0.3056482672691345,0.4681938588619232
0.13931624591350555,0.6373083591461182,0.30959010124206543,0.47280457615852356
0.14261193573474884,0.6457269787788391,0.3565126061439514,0.5256310701370239
0.14261193573474884,0.6342725157737732,0.34104469418525696,0.5086253881454468
0.14261193573474884,0.322048157453537,0.4659372568130493,0.63568514585495
0.14261193573474884,0.681549072265625,0.3486083447933197,0.5169897079467773
0.14265765249729156,0.7005051374435425,0.3956665098667145,0.5669929385185242
0.14265765249729156,0.5720941424369812,0.3048170208930969,0.4672180414199829
0.14265765249729156,0.6672388911247253,0.36639872193336487,0.536298394203186
0.14265765249729156,0.6428530216217041,0.3975386321544647,0.5689125657081604
0.14681033790111542,0.484365314245224,0.38334494829177856,0.5542290210723877
0.14681033790111542,0.2969886064529419,0.4102713167667389,0.5818331837654114
0.14681033790111542,0.554288387298584,0.35296112298965454,0.5217609405517578
0.14681033790111542,0.5776462554931641,0.356513649225235,0.5256322026252747
0.14737863838672638,0.4410683512687683,0.6161313056945801,0.7624768018722534
0.14737863838672638,0.45414525270462036,0.6208958625793457,0.7661144137382507
0.14737863838672638,0.5903103947639465,0.4344666302204132,0.6057535409927368
0.14737863838672638,0.4816778004169464,0.6141898036003113,0.7609883546829224
0.16820895671844482,0.4353354573249817,0.28770020604133606,0.4468434453010559
0.16820895671844482,0.8179728388786316,0.29801487922668457,0.4591856300830841
0.16820895671844482,0.7774031758308411,0.2920948266983032,0.4521259665489197
0.16820895671844482,0.8150194883346558,0.25140878558158875,0.401801198720932
0.16942675411701202,0.45357945561408997,0.4441854953765869,0.6151363253593445
0.16942675411701202,0.45795923471450806,0.46493107080459595,0.6347480416297913
0.16942675411701202,0.3280223608016968,0.41364991664886475,0.5852225422859192
0.16942675411701202,0.5203766822814941,0.41393041610717773,0.5855032205581665
0.1701515167951584,0.565789520740509,0.4060780107975006,0.577603816986084
0.1701515167951584,0.47610753774642944,0.5903334617614746,0.7424021363258362
0.1701515167951584,0.6272749900817871,0.4896731376647949,0.6574236154556274
0.1701515167951584,0.5437520742416382,0.5586397051811218,0.7168298363685608
0.19630281627178192,0.4965721368789673,0.5763514637947083,0.7312474250793457
0.19630281627178192,0.44825905561447144,0.5842494964599609,0.7375726103782654
0.19630281627178192,0.4996688663959503,0.48468270897865295,0.6529108285903931
0.19630281627178192,0.5281291007995605,0.5802478790283203,0.7343757748603821
0.19879309833049774,0.5694475173950195,0.4464430809020996,0.6172978281974792
0.19879309833049774,0.5213013887405396,0.46883735060691833,0.6383788585662842
0.19879309833049774,0.4085438847541809,0.432517409324646,0.6038563847541809
0.19879309833049774,0.6559678316116333,0.4212430417537689,0.592781126499176
0.2026395946741104,0.4213845133781433,0.440697580575943,0.6117836236953735
0.2026395946741104,0.49012038111686707,0.4579622447490692,0.6282223463058472
0.2026395946741104,0.5951083898544312,0.4606359899044037,0.6307334303855896
0.2026395946741104,0.5440451502799988,0.47150129079818726,0.6408438682556152
0.20266129076480865,0.29850003123283386,0.497064471244812,0.6640521883964539
0.20266129076480865,0.4048737585544586,0.4442574381828308,0.6152053475379944
0.20266129076480865,0.22172030806541443,0.5328487157821655,0.6952398419380188
0.20266129076480865,0.24805527925491333,0.5309827327728271,0.6936495304107666
0.20879213511943817,0.5672716498374939,0.564313530921936,0.7214838862419128
0.20879213511943817,0.5779244899749756,0.5449582934379578,0.7054666876792908
0.20879213511943817,0.5742672681808472,0.5845057368278503,0.7377767562866211
0.20879213511943817,0.7226709723472595,0.3923470675945282,0.5635765194892883
0.2122054398059845,0.48706603050231934,0.5949884057044983,0.7460723519325256
0.2122054398059845,0.5641982555389404,0.48005935549736023,0.64870285987854
0.2122054398059845,0.3833628296852112,0.6862248778343201,0.8139185905456543
0.2122054398059845,0.41328760981559753,0.6565329432487488,0.7926590442657471
0.214419886469841,0.6008084416389465,0.40803998708724976,0.5795857906341553
0.214419886469841,0.3850734233856201,0.42809876799583435,0.599536657333374
0.214419886469841,0.4868789315223694,0.4526289105415344,0.6231858730316162
0.214419886469841,0.573062002658844,0.4063968062400818,0.5779262185096741
0.21820895373821259,0.45313894748687744,0.5761399865150452,0.7310771942138672
0.21820895373821259,0.5079144835472107,0.5655989646911621,0.722533643245697
0.21820895373821259,0.483659565448761,0.48341265320777893,0.6517574787139893
0.21820895373821259,0.47701749205589294,0.573045015335083,0.7285805940628052
0.22297753393650055,0.4958265423774719,0.4558984041213989,0.62627774477005
0.22297753393650055,0.4138883054256439,0.4895280599594116,0.6572928428649902
0.22297753393650055,0.3282316327095032,0.46347299218177795,0.6333878040313721
0.22297753393650055,0.3967679440975189,0.4908110499382019,0.658448338508606
0.2236994206905365,0.6168612837791443,0.5616435408592224,0.7192980051040649
0.2236994206905365,0.728030800819397,0.3694744408130646,0.5395857691764832
0.2236994206905365,0.6673873662948608,0.48905736207962036,0.6568683981895447
0.2236994206905365,0.6703168153762817,0.5150402188301086,0.6799030303955078
0.22866028547286987,0.44349241256713867,0.5380766987800598,0.6996747255325317
0.22866028547286987,0.42597049474716187,0.5222266316413879,0.6861351728439331
0.22866028547286987,0.469681978225708,0.5374184250831604,0.6991179585456848
0.22866028547286987,0.42615944147109985,0.42426225543022156,0.5957642197608948
0.22917763888835907,0.3521236777305603,0.6876818537712097,0.8149425387382507
0.22917763888835907,0.3757001757621765,0.6799494028091431,0.8094879388809204
0.22917763888835907,0.5503522753715515,0.46355000138282776,0.633459746837616
0.22917763888835907,0.387763112783432,0.6529833674430847,0.7900664806365967
0.23795121908187866,0.360064834356308,0.5878475904464722,0.7404332756996155
0.23795121908187866,0.46534496545791626,0.4681087136268616,0.6377030611038208
0.23795121908187866,0.4690212607383728,0.32269802689552307,0.4879390597343445
0.23795121908187866,0.4634074866771698,0.506736159324646,0.6726275682449341
0.2391318380832672,0.27320677042007446,0.7403598427772522,0.8508123755455017
0.2391318380832672,0.25254562497138977,0.7722885012626648,0.8715155720710754
0.2391318380832672,0.4415390193462372,0.5644005537033081,0.7215550541877747
0.2391318380832672,0.3139175474643707,0.7355589866638184,0.8476335406303406
0.23917646706104279,0.45808351039886475,0.4299667775630951,0.6013661026954651
0.23917646706104279,0.4522930681705475,0.42290133237838745,0.5944211483001709
0.23917646706104279,0.34881076216697693,0.3923485577106476,0.5635780692100525
0.23917646706104279,0.41112324595451355,0.4585672914981842,0.6287913918495178
0.23938144743442535,0.5048858523368835,0.44096291065216064,0.6120392084121704
0.23938144743442535,0.4984859228134155,0.4482501447200775,0.6190230846405029
0.23938144743442535,0.4724918007850647,0.34570226073265076,0.5137871503829956
0.23938144743442535,0.5594397783279419,0.4161997139453888,0.5877698063850403
0.24111111462116241,0.6490568518638611,0.4911954700946808,0.6587942242622375
0.24111111462116241,0.5539113879203796,0.5833595395088196,0.7368630170822144
0.24111111462116241,0.52107834815979,0.6260172128677368,0.770000696182251
0.24111111462116241,0.5765268802642822,0.49759864807128906,0.6645287275314331
0.2437106966972351,0.3236082196235657,0.4422245919704437,0.6132534146308899
0.2437106966972351,0.4154490828514099,0.4924401044845581,0.6599127054214478
0.2437106966972351,0.4311985671520233,0.4839740991592407,0.652267575263977
0.2437106966972351,0.49570515751838684,0.45323485136032104,0.6237599849700928
0.24385026097297668,0.4332925081253052,0.4831300675868988,0.6515005826950073
0.24385026097297668,0.48422113060951233,0.4422661066055298,0.6132933497428894
0.24385026097297668,0.5287583470344543,0.43445977568626404,0.605746865272522
0.24385026097297668,0.44068649411201477,0.39289531111717224,0.5641418695449829
0.24649572372436523,0.5901361703872681,0.34298068284988403,0.5107752680778503
0.24649572372436523,0.5015019178390503,0.3755318224430084,0.5460169315338135
0.24649572372436523,0.2978690564632416,0.4254781901836395,0.596962034702301
0.24649572372436523,0.7093475461006165,0.3110862076282501,0.47454729676246643
0.2465168535709381,0.3678359091281891,0.44519004225730896,0.616098940372467
0.2465168535709381,0.5391129851341248,0.4700900614261627,0.6395391225814819
0.2465168535709381,0.4407271146774292,0.500603199005127,0.6672025918960571
0.2465168535709381,0.4524075984954834,0.5068646669387817,0.6727408170700073
0.24734234809875488,0.6478028297424316,0.35280561447143555,0.5215910077095032
0.24734234809875488,0.5211113691329956,0.34294217824935913,0.5107325911521912
0.24734234809875488,0.5007515549659729,0.45386675000190735,0.6243581175804138
0.24734234809875488,0.6923732757568359,0.3540283441543579,0.5229260325431824
0.2539743483066559,0.46497753262519836,0.3458728492259979,0.5139755010604858
0.2539743483066559,0.6790570020675659,0.370283305644989,0.5404478311538696
0.2539743483066559,0.7337269186973572,0.32206642627716064,0.4872167110443115
0.2539743483066559,0.7342275977134705,0.36586514115333557,0.5357266068458557
0.25755396485328674,0.5771670341491699,0.38156354427337646,0.5523648262023926
0.25755396485328674,0.2221844643354416,0.5978047847747803,0.7482826709747314
0.25755396485328674,0.7155458331108093,0.3555837571620941,0.5246208310127258
0.25755396485328674,0.6103865504264832,0.3881610631942749,0.5592449903488159
0.26008620858192444,0.4790307581424713,0.41126224398612976,0.582828938961029
0.26008620858192444,0.3270869851112366,0.4958243668079376,0.6629446148872375
0.26008620858192444,0.24632129073143005,0.4761109948158264,0.6450883150100708
0.26008620858192444,0.37545332312583923,0.4710101783275604,0.6403900980949402
0.275339812040329,0.4662068486213684,0.6012545228004456,0.7509793043136597
0.275339812040329,0.44320443272590637,0.6082682609558105,0.7564263939857483
0.275339812040329,0.5380616188049316,0.4838640093803406,0.652167558670044
0.275339812040329,0.46919867396354675,0.6097188591957092,0.7575470209121704
0.28765150904655457,0.3451122045516968,0.6639788150787354,0.7980616092681885
0.28765150904655457,0.4694530665874481,0.546596348285675,0.7068377733230591
0.28765150904655457,0.4110349714756012,0.549856960773468,0.7095583081245422
0.28765150904655457,0.385134756565094,0.643890380859375,0.7833738327026367
0.2979225218296051,0.5600669980049133,0.4423009157180786,0.6133267879486084
0.2979225218296051,0.4998244643211365,0.545430600643158,0.705862283706665
0.2979225218296051,0.5195084810256958,0.5540693402290344,0.7130561470985413
0.2979225218296051,0.5142862796783447,0.5703292489051819,0.726381778717041
0.30141791701316833,0.5592632293701172,0.40509915351867676,0.5766128897666931
0.30141791701316833,0.34582456946372986,0.4545454680919647,0.625
0.30141791701316833,0.553916871547699,0.41004684567451477,0.5816074013710022
0.30141791701316833,0.5477677583694458,0.3560583293437958,0.525137186050415
0.3043678104877472,0.415395051240921,0.5051581859588623,0.6712360382080078
0.3043678104877472,0.5676892995834351,0.4477747082710266,0.618569552898407
0.3043678104877472,0.2887312173843384,0.5501190423965454,0.7097765207290649
0.3043678104877472,0.46368029713630676,0.4807892441749573,0.6493688821792603
0.31475138664245605,0.34571221470832825,0.6001346111297607,0.7501051425933838
0.31475138664245605,0.3128456473350525,0.5135858654975891,0.6786345839500427
0.31475138664245605,0.2827911376953125,0.646304190158844,0.7851576805114746
0.31475138664245605,0.2667466700077057,0.629408597946167,0.7725607752799988
0.3150253891944885,0.45275354385375977,0.49678295850753784,0.6638009548187256
0.3150253891944885,0.5199374556541443,0.4821964204311371,0.6506511569023132
0.3150253891944885,0.4088335633277893,0.475436270236969,0.6444687247276306
0.3150253891944885,0.5598329901695251,0.48394161462783813,0.6522380709648132
0.3200280964374542,0.4412098228931427,0.6440317630767822,0.7834784984588623
0.3200280964374542,0.5529066324234009,0.525303840637207,0.6887858510017395
0.3200280964374542,0.4127139449119568,0.6739791035652161,0.8052419424057007
0.3200280964374542,0.45501917600631714,0.6617163419723511,0.7964251637458801
0.3201865553855896,0.4470692574977875,0.5870035886764526,0.7397633790969849
0.3201865553855896,0.497429758310318,0.4805929958820343,0.6491898894309998
0.3201865553855896,0.4258403182029724,0.6122210025787354,0.7594752907752991
0.3201865553855896,0.42440202832221985,0.5986835956573486,0.7489707469940186
0.32036253809928894,0.348524808883667,0.7179319858551025,0.835809588432312
0.32036253809928894,0.46490025520324707,0.5700621008872986,0.7261649966239929
0.32036253809928894,0.35614678263664246,0.6955353021621704,0.8204315304756165
0.32036253809928894,0.37573912739753723,0.6910790205001831,0.8173231482505798
0.3245222866535187,0.28676873445510864,0.5019220113754272,0.6683729290962219
0.3245222866535187,0.4010697603225708,0.5018819570541382,0.6683374047279358
0.3245222866535187,0.37718626856803894,0.5409449934959412,0.7020951509475708
0.3245222866535187,0.3375675678253174,0.5673638582229614,0.7239720821380615
0.32606935501098633,0.6234144568443298,0.4576483964920044,0.6279270052909851
0.32606935501098633,0.5954594016075134,0.5361033082008362,0.6980042457580566
0.32606935501098633,0.5180633068084717,0.6249247789382935,0.769173800945282
0.32606935501098633,0.5615296363830566,0.5862305164337158,0.7391492128372192
0.33263158798217773,0.3334866762161255,0.7039961218833923,0.8262884020805359
0.33263158798217773,0.47264721989631653,0.5313807725906372,0.693989098072052
0.33263158798217773,0.3930778503417969,0.6374439001083374,0.7785841226577759
0.33263158798217773,0.3184020519256592,0.7069806456565857,0.8283405303955078
0.33637097477912903,0.201335608959198,0.5512198805809021,0.7106921076774597
0.33637097477912903,0.3126976788043976,0.5134296417236328,0.6784982085227966
0.33637097477912903,0.23653312027454376,0.5765998959541321,0.7314473390579224
0.33637097477912903,0.22164852917194366,0.5811923146247864,0.7351317405700684
0.3402808904647827,0.312938928604126,0.5995597243309021,0.7496559619903564
0.3402808904647827,0.2583000361919403,0.5749570727348328,0.7301241159439087
0.3402808904647827,0.249757781624794,0.6451283693313599,0.7842893600463867
0.3402808904647827,0.22754544019699097,0.6719841361045837,0.8038163781166077
0.34112539887428284,0.3823966383934021,0.6218468546867371,0.7668379545211792
0.34112539887428284,0.1881801187992096,0.8222078084945679,0.9024303555488586
0.34112539887428284,0.210744246840477,0.8108470439910889,0.8955444693565369
0.34112539887428284,0.2377907633781433,0.7701523303985596,0.8701537251472473
0.34902438521385193,0.34253764152526855,0.5639212131500244,0.7211632132530212
0.34902438521385193,0.2842385470867157,0.6373931765556335,0.7785462737083435
0.34902438521385193,0.30490684509277344,0.5616910457611084,0.7193369269371033
0.34902438521385193,0.34938323497772217,0.568260669708252,0.7247018218040466
0.3494736850261688,0.34535980224609375,0.735848605632782,0.8478257656097412
0.3494736850261688,0.43555447459220886,0.611099898815155,0.7586120367050171
0.3494736850261688,0.39980611205101013,0.6677932739257812,0.8008106350898743
0.3494736850261688,0.3563638925552368,0.7162148356437683,0.8346447348594666
0.3504639267921448,0.3167881965637207,0.5677233338356018,0.7242646813392639
0.3504639267921448,0.26509615778923035,0.64654541015625,0.7853356599807739
0.3504639267921448,0.3147338330745697,0.5912021398544312,0.7430886626243591
0.3504639267921448,0.31241345405578613,0.5206669569015503,0.6847876310348511
0.352075457572937,0.4361477196216583,0.45844000577926636,0.6286717057228088
0.352075457572937,0.3025535047054291,0.5638813972473145,0.7211306691169739
0.352075457572937,0.45378342270851135,0.4620373845100403,0.6320459246635437
0.352075457572937,0.2694856524467468,0.5315951108932495,0.6941718459129333
0.3525133728981018,0.43075093626976013,0.435308039188385,0.6065708994865417
0.3525133728981018,0.37136393785476685,0.5085709691047668,0.6742420196533203
0.3525133728981018,0.3650464415550232,0.45318496227264404,0.6237127184867859
0.3525133728981018,0.4034522473812103,0.45329174399375916,0.6238138675689697
0.3536036014556885,0.4375382363796234,0.5187455415725708,0.6831237077713013
0.3536036014556885,0.4879969358444214,0.46772441267967224,0.6373463869094849
0.3536036014556885,0.5320656299591064,0.4600052237510681,0.6301418542861938
0.3536036014556885,0.4313373863697052,0.45213422179222107,0.6227168440818787
0.36008545756340027,0.44941169023513794,0.3977292478084564,0.569107711315155
0.36008545756340027,0.1837717443704605,0.5556177496910095,0.7143371105194092
0.36008545756340027,0.5719717741012573,0.3601221442222595,0.5295438170433044
0.36008545756340027,0.44694507122039795,0.4106171429157257,0.5821808576583862
0.3665294051170349,0.2982659637928009,0.47617414593696594,0.6451463103294373
0.3665294051170349,0.27460506558418274,0.5512752532958984,0.7107381224632263
0.3665294051170349,0.2946152985095978,0.5406105518341064,0.7018133997917175
0.3665294051170349,0.32087281346321106,0.5309039354324341,0.69358229637146
0.3820064663887024,0.39483025670051575,0.6127572059631348,0.7598877549171448
0.3820064663887024,0.2768409252166748,0.7417312264442444,0.8517172336578369
0.3820064663887024,0.3009302616119385,0.7285639047622681,0.8429701924324036
0.3820064663887024,0.2909811735153198,0.7385227680206299,0.8495980501174927
0.38283583521842957,0.5315266847610474,0.37776270508766174,0.5483712553977966
0.38283583521842957,0.49341556429862976,0.39820122718811035,0.5695907473564148
0.38283583521842957,0.5619109869003296,0.34664368629455566,0.5148261189460754
0.38283583521842957,0.32340842485427856,0.4024038314819336,0.5738772749900818
0.3842105269432068,0.44588807225227356,0.5067545771598816,0.6726438403129578
0.3842105269432068,0.3979414701461792,0.5196189284324646,0.6838805675506592
0.3842105269432068,0.3839159905910492,0.5540368556976318,0.7130292057991028
0.3842105269432068,0.38151174783706665,0.4776708483695984,0.6465185880661011
0.39230337738990784,0.33494386076927185,0.5234713554382324,0.6872086524963379
0.39230337738990784,0.37849774956703186,0.5083532333374023,0.6740506291389465
0.39230337738990784,0.3285137712955475,0.555341362953186,0.7141086459159851
0.39230337738990784,0.26646074652671814,0.5438547730445862,0.7045413255691528
0.39628204703330994,0.32975006103515625,0.5968456268310547,0.7475307583808899
0.39628204703330994,0.3188052177429199,0.5792438387870789,0.7335711121559143
0.39628204703330994,0.1739756315946579,0.6994635462760925,0.8231580257415771
0.39628204703330994,0.2933162450790405,0.6177550554275513,0.7637189030647278
0.39892086386680603,0.21385422348976135,0.5907120108604431,0.7427013516426086
0.39892086386680603,0.5870071053504944,0.37551790475845337,0.546002209186554
0.39892086386680603,0.5404631495475769,0.38698819279670715,0.5580266714096069
0.39892086386680603,0.7038988471031189,0.3462810218334198,0.514426052570343
0.400871217250824,0.25051143765449524,0.721216082572937,0.8380308151245117
0.400871217250824,0.2984658181667328,0.7122976183891296,0.8319787383079529
0.400871217250824,0.21869614720344543,0.7879123091697693,0.8813769221305847
0.400871217250824,0.2668814957141876,0.7527459263801575,0.8589333295822144
0.40235915780067444,0.2971153259277344,0.6774170994758606,0.8076906800270081
0.40235915780067444,0.20609574019908905,0.7796515822410583,0.8761845231056213
0.40235915780067444,0.21019819378852844,0.7784252762794495,0.8754096031188965
0.40235915780067444,0.37675800919532776,0.5888028144836426,0.7411905527114868
0.41172415018081665,0.27139046788215637,0.6384738087654114,0.7793518304824829
0.41172415018081665,0.19636350870132446,0.6894162893295288,0.8161591291427612
0.41172415018081665,0.3263119161128998,0.6081327199935913,0.7563215494155884
0.41172415018081665,0.24420574307441711,0.6506069302558899,0.7883244752883911
0.42221909761428833,0.35983842611312866,0.718958854675293,0.8365049958229065
0.42221909761428833,0.33278167247772217,0.7219868302345276,0.8385509252548218
0.42221909761428833,0.4794360399246216,0.5938531160354614,0.7451792359352112
0.42221909761428833,0.35260939598083496,0.7325078845024109,0.8456041216850281
0.4240609109401703,0.3773258328437805,0.5607311725616455,0.7185493111610413
0.4240609109401703,0.4512780010700226,0.535966694355011,0.6978884339332581
0.4240609109401703,0.32189443707466125,0.5533273220062256,0.7124413847923279
0.4240609109401703,0.39420080184936523,0.5638791918754578,0.7211288213729858
0.4244410991668701,0.2656334340572357,0.7602777481079102,0.8638156652450562
0.4244410991668701,0.26749834418296814,0.754985511302948,0.8603894710540771
0.4244410991668701,0.37695175409317017,0.6467673778533936,0.7854993939399719
0.4244410991668701,0.2697959542274475,0.7663931846618652,0.8677492737770081
0.42955222725868225,0.25381147861480713,0.7302109003067017,0.8440715670585632
0.42955222725868225,0.2508499026298523,0.730992317199707,0.844593346118927
0.42955222725868225,0.3105163872241974,0.6681597232818604,0.8010740280151367
0.42955222725868225,0.38998857140541077,0.5560874938964844,0.7147252559661865
0.43231213092803955,0.38659563660621643,0.7124781608581543,0.8321018815040588
0.43231213092803955,0.4275211989879608,0.6577678918838501,0.7935585379600525
0.43231213092803955,0.5150753259658813,0.5542747378349304,0.7132261991500854
0.43231213092803955,0.36629992723464966,0.7279580235481262,0.8425644636154175
0.4456896483898163,0.15279491245746613,0.651520848274231,0.7889950275421143
0.4456896483898163,0.21589648723602295,0.6274632215499878,0.7710935473442078
0.4456896483898163,0.30444955825805664,0.5438562035560608,0.7045425772666931
0.4456896483898163,0.22138740122318268,0.6082211136817932,0.7563899159431458
0.44798386096954346,0.1944807469844818,0.6304632425308228,0.7733547687530518
0.44798386096954346,0.17395475506782532,0.6635221838951111,0.7977316975593567
0.44798386096954346,0.11072641611099243,0.7496939897537231,0.8569430112838745
0.44798386096954346,0.23710490763187408,0.5867257118225098,0.7395427227020264
0.44813433289527893,0.5014344453811646,0.45094093680381775,0.6215841174125671
0.44813433289527893,0.5332953333854675,0.4335392415523529,0.6048515439033508
0.44813433289527893,0.2874869406223297,0.518355131149292,0.6827850937843323
0.44813433289527893,0.5033912658691406,0.42108380794525146,0.5926234722137451
0.4542245864868164,0.2503091096878052,0.6625731587409973,0.7970454096794128
0.4542245864868164,0.2754782438278198,0.5953768491744995,0.74637770652771
0.4542245864868164,0.26955175399780273,0.6468456983566284,0.7855571508407593
0.4542245864868164,0.22738489508628845,0.6809678673744202,0.8102092742919922
0.45456141233444214,0.3729128837585449,0.665289044380188,0.7990072965621948
0.45456141233444214,0.24492627382278442,0.7997255325317383,0.8887194395065308
0.45456141233444214,0.281936377286911,0.7551387548446655,0.8604889512062073
0.45456141233444214,0.2939786911010742,0.755540668964386,0.8607498407363892
0.4550986886024475,0.1986171305179596,0.8143513798713684,0.8976777195930481
0.4550986886024475,0.2213158756494522,0.7904967069625854,0.8829914927482605
0.4550986886024475,0.20605240762233734,0.8101348280906677,0.8951099514961243
0.4550986886024475,0.3380639851093292,0.6665175557136536,0.7998926639556885
0.4561878442764282,0.18631376326084137,0.7031062841415405,0.8256751894950867
0.4561878442764282,0.21562591195106506,0.6931521892547607,0.8187713027000427
0.4561878442764282,0.2406196892261505,0.6715425252914429,0.8035004138946533
0.4561878442764282,0.19164405763149261,0.709964394569397,0.8303850293159485
0.45941442251205444,0.3934851884841919,0.5182479023933411,0.6826920509338379
0.45941442251205444,0.37790217995643616,0.49380576610565186,0.6611378788948059
0.45941442251205444,0.37950536608695984,0.5486453175544739,0.7085487246513367
0.45941442251205444,0.3844470977783203,0.5193573236465454,0.6836539506912231
0.4602247178554535,0.2035382241010666,0.6904488205909729,0.8168822526931763
0.4602247178554535,0.2578987777233124,0.6350398659706116,0.7767882347106934
0.4602247178554535,0.21103259921073914,0.6541171669960022,0.7908957600593567
0.4602247178554535,0.20674186944961548,0.686021089553833,0.8137751817703247
0.46302250027656555,0.3445701599121094,0.6567250490188599,0.7927990555763245
0.46302250027656555,0.1513526886701584,0.8561547994613647,0.922503650188446
0.46302250027656555,0.16688375174999237,0.8377280831336975,0.9116997122764587
0.46302250027656555,0.17819266021251678,0.8362306952476501,0.9108121991157532
0.4664948582649231,0.19375626742839813,0.7080252170562744,0.8290570974349976
0.4664948582649231,0.1841457188129425,0.711982250213623,0.8317636251449585
0.4664948582649231,0.17176617681980133,0.7412888407707214,0.8514254689216614
0.4664948582649231,0.18916234374046326,0.7127220034599304,0.8322681784629822
0.4699999988079071,0.2518323063850403,0.6426291465759277,0.7824397683143616
0.4699999988079071,0.217778742313385,0.674471914768219,0.8055936098098755
0.4699999988079071,0.18556803464889526,0.7115532159805298,0.8314707279205322
0.4699999988079071,0.17040762305259705,0.7172300815582275,0.8353337049484253
0.47694116830825806,0.2136230617761612,0.6811777353286743,0.8103578090667725
0.47694116830825806,0.2471693605184555,0.6598852872848511,0.7950974702835083
0.47694116830825806,0.21250399947166443,0.6433589458465576,0.7829804420471191
0.47694116830825806,0.21760264039039612,0.6764662861824036,0.8070144653320312
0.48828357458114624,0.2520708739757538,0.6043972969055176,0.7534259557723999
0.48828357458114624,0.16301552951335907,0.6741127371788025,0.8053373098373413
0.48828357458114624,0.29870977997779846,0.5442711114883423,0.7048906087875366
0.48828357458114624,0.2094503939151764,0.6455689072608948,0.7846148610115051
0.49216827750205994,0.18570028245449066,0.8318216800689697,0.9081906676292419
0.49216827750205994,0.2067459672689438,0.8106175065040588,0.8954044580459595
0.49216827750205994,0.23342812061309814,0.7766467332839966,0.8742838501930237
0.49216827750205994,0.3100789487361908,0.6959635019302368,0.8207293152809143
0.49241572618484497,0.2840821146965027,0.5942116379737854,0.7454614043235779
0.49241572618484497,0.25018590688705444,0.6526587605476379,0.7898288369178772
0.49241572618484497,0.21078813076019287,0.6421140432357788,0.7820578217506409
0.49241572618484497,0.29987987875938416,0.58863765001297,0.7410597205162048
0.4971337616443634,0.23079368472099304,0.6720791459083557,0.8038843274116516
0.4971337616443634,0.1488690972328186,0.7156962156295776,0.834292471408844
0.4971337616443634,0.2739226818084717,0.6092177629470825,0.7571601271629333
0.4971337616443634,0.1833166927099228,0.7185825705528259,0.8362502455711365
0.5017560720443726,0.3033355474472046,0.628862738609314,0.7721494436264038
0.5017560720443726,0.2978487014770508,0.6218701004981995,0.7668556571006775
0.5017560720443726,0.24355420470237732,0.6836562156677246,0.8121090531349182
0.5017560720443726,0.2623240649700165,0.6192045211791992,0.7648255825042725
0.503333330154419,0.17508476972579956,0.8291587233543396,0.9066011309623718
0.503333330154419,0.2231101393699646,0.793339729309082,0.8847623467445374
0.503333330154419,0.25712138414382935,0.747337818145752,0.8554016351699829
0.503333330154419,0.18791499733924866,0.7893748879432678,0.8822911977767944
0.5068589448928833,0.31632354855537415,0.600212574005127,0.7501660585403442
0.5068589448928833,0.2889724671840668,0.6161307096481323,0.7624763250350952
0.5068589448928833,0.2731578052043915,0.6326450705528259,0.7749939560890198
0.5068589448928833,0.1520477533340454,0.7383512258529663,0.8494845628738403
0.5108450651168823,0.22299116849899292,0.7588028311729431,0.8628628849983215
0.5108450651168823,0.1591825932264328,0.8303146958351135,0.9072917103767395
0.5108450651168823,0.16014042496681213,0.8319945335388184,0.9082936644554138
0.5108450651168823,0.1953294426202774,0.790324866771698,0.8828843235969543
0.5189952254295349,0.2643757164478302,0.6280078291893005,0.7715047001838684
0.5189952254295349,0.2634596824645996,0.6535611748695374,0.7904892563819885
0.5189952254295349,0.2594452500343323,0.6238086223602295,0.7683277726173401
0.5189952254295349,0.28179076313972473,0.618491530418396,0.7642814517021179
0.5247701406478882,0.20991066098213196,0.7198305726051331,0.837094783782959
0.5247701406478882,0.12086675316095352,0.808941125869751,0.8943808674812317
0.5247701406478882,0.1219782903790474,0.8142777681350708,0.8976329565048218
0.5247701406478882,0.17163021862506866,0.7571818232536316,0.8618139028549194
0.5335674285888672,0.18502196669578552,0.8490251302719116,0.9183489084243774
0.5335674285888672,0.14457100629806519,0.8778233528137207,0.934937059879303
0.5335674285888672,0.2522306740283966,0.7824076414108276,0.8779222369194031
0.5335674285888672,0.18616074323654175,0.8410418033599854,0.9136585593223572
0.5381343364715576,0.13252031803131104,0.8541651964187622,0.921347439289093
0.5381343364715576,0.23918546736240387,0.7426705360412598,0.8523361682891846
0.5381343364715576,0.15983061492443085,0.8221850991249084,0.9024166464805603
0.5381343364715576,0.2549729645252228,0.7122620940208435,0.8319545388221741
0.5435897707939148,0.10778923332691193,0.744053840637207,0.8532463908195496
0.5435897707939148,0.29667001962661743,0.522684633731842,0.686530351638794
0.5435897707939148,0.3377111554145813,0.5151599645614624,0.6800073981285095
0.5435897707939148,0.2393081784248352,0.5884435772895813,0.7409058809280396
0.5471066236495972,0.194878950715065,0.7207557559013367,0.8377200365066528
0.5471066236495972,0.2314549684524536,0.6532852053642273,0.7902873754501343
0.5471066236495972,0.2791283130645752,0.642566978931427,0.7823936343193054
0.5471066236495972,0.24071568250656128,0.6751466989517212,0.8060746788978577
0.5499193668365479,0.0880209356546402,0.8120829463005066,0.8962977528572083
0.5499193668365479,0.08116727322340012,0.8221587538719177,0.90240079164505
0.5499193668365479,0.11358853429555893,0.7710517644882202,0.8707275390625
0.5499193668365479,0.10135585814714432,0.7854083180427551,0.8798080682754517
0.5518103241920471,0.15210475027561188,0.7132132053375244,0.8326029777526855
0.5518103241920471,0.15860110521316528,0.6935349702835083,0.8190382719039917
0.5518103241920471,0.23682063817977905,0.6132025122642517,0.7602300643920898
0.5518103241920471,0.1153126209974289,0.728029191493988,0.8426121473312378
0.5620846152305603,0.2683563828468323,0.7494561672210693,0.8567876219749451
0.5620846152305603,0.27918580174446106,0.7387915253639221,0.8497758507728577
0.5620846152305603,0.24886886775493622,0.7696167826652527,0.8698117733001709
0.5620846152305603,0.3300231993198395,0.691148042678833,0.8173714280128479
0.5634254217147827,0.11400524526834488,0.8233616948127747,0.9031249284744263
0.5634254217147827,0.12063190340995789,0.8044865131378174,0.891651451587677
0.5634254217147827,0.12409542500972748,0.8018112778663635,0.8900058269500732
0.5634254217147827,0.14170187711715698,0.7712283134460449,0.8708400726318359
0.5658959746360779,0.3629247844219208,0.7052919864654541,0.8271803259849548
0.5658959746360779,0.33440864086151123,0.7138798236846924,0.8330570459365845
0.5658959746360779,0.29093673825263977,0.7773601412773132,0.8747356534004211
0.5658959746360779,0.317824125289917,0.7563900351524353,0.8613007664680481
0.566348671913147,0.18001800775527954,0.8312311172485352,0.9078385829925537
0.566348671913147,0.21372896432876587,0.7941939234733582,0.8852933049201965
0.566348671913147,0.26107099652290344,0.7441801428794861,0.8533294796943665
0.566348671913147,0.18929459154605865,0.8265790939331055,0.9050570130348206
0.5667845606803894,0.2862326204776764,0.714239776134491,0.8333020806312561
0.5667845606803894,0.14187073707580566,0.8636435270309448,0.9268333911895752
0.5667845606803894,0.10906973481178284,0.8975708484649658,0.9460209012031555
0.5667845606803894,0.13749876618385315,0.8740445375442505,0.9327895045280457
0.568288266658783,0.32335731387138367,0.5959058403968811,0.746793270111084
0.568288266658783,0.2769733667373657,0.6164364814758301,0.762710452079773
0.568288266658783,0.24141544103622437,0.6866916418075562,0.8142468333244324
0.568288266658783,0.2966737151145935,0.6145947575569153,0.7612990736961365
0.5687700510025024,0.21889765560626984,0.6996681690216064,0.823299765586853
0.5687700510025024,0.1949998438358307,0.7195471525192261,0.8369030952453613
0.5687700510025024,0.23875287175178528,0.642431914806366,0.7822934985160828
0.5687700510025024,0.23890534043312073,0.680999219417572,0.8102314472198486
0.5766666531562805,0.13925933837890625,0.7671934366226196,0.868261992931366
0.5766666531562805,0.10400887578725815,0.8138413429260254,0.8973677158355713
0.5766666531562805,0.14031513035297394,0.7689258456230164,0.8693703413009644
0.5766666531562805,0.13347077369689941,0.7751696705818176,0.8733471035957336
0.5795882344245911,0.15417520701885223,0.746712863445282,0.8549920916557312
0.5795882344245911,0.17192886769771576,0.7279346585273743,0.8425488471984863
0.5795882344245911,0.14231985807418823,0.7580418586730957,0.8623706698417664
0.5795882344245911,0.1597641557455063,0.7390745282173157,0.8499630689620972
0.5808247327804565,0.14937199652194977,0.7721908688545227,0.8714533448219299
0.5808247327804565,0.13857249915599823,0.7929641604423523,0.8845286965370178
0.5808247327804565,0.14042487740516663,0.7852020263671875,0.8796786069869995
0.5808247327804565,0.16562050580978394,0.7401185035705566,0.8506529927253723
0.5879824757575989,0.051061686128377914,0.9560174345970154,0.9775142073631287
0.5879824757575989,0.22408799827098846,0.7962865233421326,0.886591911315918
0.5879824757575989,0.15217000246047974,0.8644802570343018,0.9273149967193604
0.5879824757575989,0.09856586158275604,0.9129126667976379,0.9544739723205566
0.5937313437461853,0.16565097868442535,0.6904163360595703,0.8168595433235168
0.5937313437461853,0.12768155336380005,0.7557271122932434,0.8608708381652832
0.5937313437461853,0.12557460367679596,0.7569888234138489,0.8616888523101807
0.5937313437461853,0.1343701332807541,0.7257681488990784,0.8410958051681519
0.5938202142715454,0.21326833963394165,0.6857033371925354,0.8135516047477722
0.5938202142715454,0.19588477909564972,0.6765228509902954,0.8070547580718994
0.5938202142715454,0.25582510232925415,0.6478854417800903,0.7863233685493469
0.5938202142715454,0.2244299054145813,0.6771668195724487,0.8075127601623535
0.5972168445587158,0.21115872263908386,0.798006534576416,0.8876569867134094
0.5972168445587158,0.19985829293727875,0.8174883723258972,0.8995802998542786
0.5972168445587158,0.19174262881278992,0.8251479268074036,0.904198408126831
0.5972168445587158,0.2691398859024048,0.7368088960647583,0.8484628200531006
0.599280595779419,0.3105681836605072,0.5734032392501831,0.7288700342178345
0.599280595779419,0.2894401252269745,0.5825138092041016,0.7361879944801331
0.599280595779419,0.34007173776626587,0.5529631972312927,0.7121394872665405
0.599280595779419,0.09399791061878204,0.8145279884338379,0.897784948348999
0.6036097407341003,0.18047791719436646,0.7476900815963745,0.8556323051452637
0.6036097407341003,0.17889843881130219,0.7394285798072815,0.8501971364021301
0.6036097407341003,0.19549784064292908,0.7307726740837097,0.8444467782974243
0.6036097407341003,0.1900007426738739,0.7301733493804932,0.8440464735031128
0.6044029593467712,0.3967033326625824,0.49645158648490906,0.6635050177574158
0.6044029593467712,0.39856311678886414,0.4713258445262909,0.640681803226471
0.6044029593467712,0.20684772729873657,0.612226128578186,0.7594792246818542
0.6044029593467712,0.4480317533016205,0.46798086166381836,0.637584388256073
0.6064044833183289,0.13312508165836334,0.7841641306877136,0.8790268898010254
0.6064044833183289,0.14450690150260925,0.7868916392326355,0.8807379603385925
0.6064044833183289,0.13573086261749268,0.7869458794593811,0.8807719349861145
0.6064044833183289,0.20214325189590454,0.7258434891700745,0.8411463499069214
0.610909104347229,0.16816799342632294,0.8132181763648987,0.8969888091087341
0.610909104347229,0.19514837861061096,0.7995172142982483,0.8885908126831055
0.610909104347229,0.18295596539974213,0.8239088654518127,0.9034540057182312
0.610909104347229,0.18453872203826904,0.8170060515403748,0.8992882370948792
0.6126922965049744,0.07931184023618698,0.8667778968811035,0.92863529920578
0.6126922965049744,0.07802145183086395,0.8641284704208374,0.9271125793457031
0.6126922965049744,0.08085186034440994,0.8608127236366272,0.9252008199691772
0.6126922965049744,0.10202398151159286,0.8326916694641113,0.9087089896202087
0.6158098578453064,0.10984091460704803,0.8830633759498596,0.9379008412361145
0.6158098578453064,0.11887089163064957,0.873098611831665,0.9322505593299866
0.6158098578453064,0.17604584991931915,0.8101056218147278,0.8950921297073364
0.6158098578453064,0.16852322220802307,0.8188028335571289,0.9003756046295166
0.6315517425537109,0.08574680984020233,0.8663231134414673,0.928374171257019
0.6315517425537109,0.07783778756856918,0.8714044690132141,0.9312839508056641
0.6315517425537109,0.08533359318971634,0.8614262938499451,0.9255551099777222
0.6315517425537109,0.06777826696634293,0.8924356698989868,0.943160891532898
0.6440171003341675,0.07029226422309875,0.8383902907371521,0.9120917320251465
0.6440171003341675,0.1002991572022438,0.7858546376228333,0.8800880312919617
0.6440171003341675,0.14416936039924622,0.7055977582931519,0.8273905515670776
0.6440171003341675,0.08611425757408142,0.8072576522827148,0.8933508992195129
0.6442674994468689,0.1426478773355484,0.7538207173347473,0.8596325516700745
0.6442674994468689,0.18468782305717468,0.7099130749702454,0.830349862575531
0.6442674994468689,0.21155942976474762,0.6803051233291626,0.8097400069236755
0.6442674994468689,0.18653440475463867,0.7159039974212646,0.8344336152076721
0.644449770450592,0.20267312228679657,0.7151965498924255,0.8339529037475586
0.644449770450592,0.22172515094280243,0.7009125351905823,0.8241605758666992
0.644449770450592,0.1784798502922058,0.739569365978241,0.8502901792526245
0.644449770450592,0.25044676661491394,0.6728507876396179,0.8044360876083374
0.6483955383300781,0.0727597326040268,0.922936737537384,0.9599242210388184
0.6483955383300781,0.13701975345611572,0.8516071438789368,0.9198572635650635
0.6483955383300781,0.09140415489673615,0.9016187191009521,0.9482644200325012
0.6483955383300781,0.12731583416461945,0.8576483726501465,0.9233700037002563
0.6489887833595276,0.10017015784978867,0.9155124425888062,0.9558929800987244
0.6489887833595276,0.15249627828598022,0.8695772886276245,0.9302394390106201
0.6489887833595276,0.08795557171106339,0.9267151951789856,0.9619638323783875
0.6489887833595276,0.1964889019727707,0.8306406736373901,0.9074863195419312
0.6545177698135376,0.14730527997016907,0.7904984951019287,0.8829926252365112
0.6545177698135376,0.1519739329814911,0.7778953909873962,0.8750744462013245
0.6545177698135376,0.14893047511577606,0.7907212972640991,0.8831316232681274
0.6545177698135376,0.13930568099021912,0.8011470437049866,0.8895965218544006
0.6656034588813782,0.056595951318740845,0.8776468634605408,0.9348369836807251
0.6656034588813782,0.05311347171664238,0.8804225921630859,0.9364092946052551
0.6656034588813782,0.06694843620061874,0.855395495891571,0.9220626950263977
0.6656034588813782,0.05380601808428764,0.8823529481887817,0.9375
0.6715322732925415,0.10568340122699738,0.7949905395507812,0.8857880234718323
0.6715322732925415,0.08912165462970734,0.8163236975669861,0.8988747000694275
0.6715322732925415,0.08236755430698395,0.8322352170944214,0.9084371328353882
0.6715322732925415,0.060380157083272934,0.8683624267578125,0.9295438528060913
0.6727794408798218,0.1824999898672104,0.8325074911117554,0.9085992574691772
0.6727794408798218,0.19091440737247467,0.8227584958076477,0.9027619361877441
0.6727794408798218,0.17945115268230438,0.8350198268890381,0.9100935459136963
0.6727794408798218,0.18658798933029175,0.8284477591514587,0.9061760306358337
0.6742434501647949,0.051640190184116364,0.9513790607452393,0.9750838279724121
0.6742434501647949,0.07078707963228226,0.9305905103683472,0.9640475511550903
0.6742434501647949,0.04816089943051338,0.9552701115608215,0.9771234393119812
0.6742434501647949,0.11055304855108261,0.8907011151313782,0.9421913623809814
0.6742774844169617,0.21277731657028198,0.8317809104919434,0.9081664085388184
0.6742774844169617,0.19176626205444336,0.8409972786903381,0.913632333278656
0.6742774844169617,0.19433745741844177,0.8390454053878784,0.9124792814254761
0.6742774844169617,0.21795769035816193,0.8260567784309387,0.9047437906265259
0.6778616309165955,0.06957836449146271,0.8756352663040161,0.93369460105896
0.6778616309165955,0.06843750178813934,0.8781632781028748,0.9351298809051514
0.6778616309165955,0.06324824690818787,0.8859975337982178,0.9395532011985779
0.6778616309165955,0.07238522171974182,0.8726457953453064,0.9319923520088196
0.680117666721344,0.16256122291088104,0.7553863525390625,0.8606497049331665
0.680117666721344,0.13112278282642365,0.7853284478187561,0.8797579407691956
0.680117666721344,0.13737279176712036,0.7867978811264038,0.880679190158844
0.680117666721344,0.1389508992433548,0.7808433175086975,0.8769365549087524
0.6909392476081848,0.0922694206237793,0.8582539558410645,0.9237208366394043
0.6909392476081848,0.09328612685203552,0.852287232875824,0.9202538728713989
0.6909392476081848,0.09678494185209274,0.8460106253623962,0.9165826439857483
0.6909392476081848,0.08953651785850525,0.8600355982780457,0.9247517585754395
0.6975080966949463,0.12548135221004486,0.8845750093460083,0.9387527704238892
0.6975080966949463,0.13717101514339447,0.871613621711731,0.931403398513794
0.6975080966949463,0.15685990452766418,0.8473207354545593,0.9173509478569031
0.6975080966949463,0.15981893241405487,0.8456223607063293,0.9163546562194824
0.6979381442070007,0.1352815181016922,0.7887628674507141,0.8819088339805603
0.6979381442070007,0.12946009635925293,0.7983505129814148,0.8878697752952576
0.6979381442070007,0.12270578742027283,0.8088659644126892,0.8943349123001099
0.6979381442070007,0.13192565739154816,0.7976111769676208,0.8874123692512512
0.6981028914451599,0.026144806295633316,0.9775746464729309,0.9886601567268372
0.6981028914451599,0.03759390860795975,0.9663071632385254,0.9828649163246155
0.6981028914451599,0.1066482663154602,0.8965615630149841,0.9454600214958191
0.6981028914451599,0.1261684000492096,0.8757777810096741,0.9337756037712097
0.698742687702179,0.053899724036455154,0.95330411195755,0.9760938882827759
0.698742687702179,0.16832008957862854,0.8483040928840637,0.9179269671440125
0.698742687702179,0.15663312375545502,0.8591310381889343,0.9242286086082458
0.698742687702179,0.10110901296138763,0.909795343875885,0.9527673721313477
0.6997122168540955,0.04032774269580841,0.9246668219566345,0.9608591198921204
0.6997122168540955,0.05498387664556503,0.8975712656974792,0.9460211396217346
0.6997122168540955,0.024469686672091484,0.957446813583374,0.97826087474823
0.6997122168540955,0.059027448296546936,0.8894498944282532,0.9414908289909363
0.7017567753791809,0.22070813179016113,0.7121340036392212,0.8318671584129333
0.7017567753791809,0.23356343805789948,0.7052803635597229,0.8271723389625549
0.7017567753791809,0.19626975059509277,0.732542097568512,0.8456268906593323
0.7017567753791809,0.2197883427143097,0.7134182453155518,0.8327426910400391
0.7025842666625977,0.181656152009964,0.7273976802825928,0.8421890139579773
0.7025842666625977,0.16250725090503693,0.7495065927505493,0.8568205237388611
0.7025842666625977,0.17322033643722534,0.7361429929733276,0.8480211496353149
0.7025842666625977,0.16318537294864655,0.7394241094589233,0.8501941561698914
0.7058955430984497,0.10256260633468628,0.7920893430709839,0.8839842081069946
0.7058955430984497,0.12054986506700516,0.7643561959266663,0.8664420247077942
0.7058955430984497,0.09036612510681152,0.8119181990623474,0.8961973786354065
0.7058955430984497,0.10224618017673492,0.7935589551925659,0.8848986625671387
0.7086567282676697,0.3165654242038727,0.5647979378700256,0.7218797206878662
0.7086567282676697,0.14811967313289642,0.7170713543891907,0.8352259993553162
0.7086567282676697,0.31401944160461426,0.5475935339927673,0.7076709866523743
0.7086567282676697,0.3472592532634735,0.5431092977523804,0.703915536403656
0.7108426690101624,0.09872498363256454,0.8437067866325378,0.9152287840843201
0.7108426690101624,0.09474638104438782,0.8488926887512207,0.9182714819908142
0.7108426690101624,0.1054535061120987,0.8351402282714844,0.910165011882782
0.7108426690101624,0.09853135794401169,0.8392847180366516,0.9126207828521729
0.7132692337036133,0.0684557631611824,0.8825055956840515,0.9375861883163452
0.7132692337036133,0.06116620451211929,0.8934485912322998,0.9437263011932373
0.7132692337036133,0.0930059626698494,0.8442581295967102,0.915553092956543
0.7132692337036133,0.06694981455802917,0.8847661018371582,0.9388603568077087
0.718591570854187,0.11032240837812424,0.8826133012771606,0.9376469254493713
0.718591570854187,0.13946807384490967,0.8505281805992126,0.9192274808883667
0.718591570854187,0.13932764530181885,0.8503873348236084,0.9191452264785767
0.718591570854187,0.1091386079788208,0.8842105269432068,0.9385474920272827
0.7213369011878967,0.15647239983081818,0.7753807306289673,0.873481035232544
0.7213369011878967,0.10672082006931305,0.8356701135635376,0.9104796051979065
0.7213369011878967,0.14604729413986206,0.7667539119720459,0.867980420589447
0.7213369011878967,0.21017484366893768,0.7229153513908386,0.8391768336296082
0.7228788137435913,0.06651657074689865,0.9269168376922607,0.962072491645813
0.7228788137435913,0.08800835907459259,0.9005180597305298,0.9476553797721863
0.7228788137435913,0.06556485593318939,0.9293359518051147,0.9633738994598389
0.7228788137435913,0.1139717772603035,0.8696969747543335,0.930307924747467
0.7286829352378845,0.13962268829345703,0.8081896305084229,0.8939213156700134
0.7286829352378845,0.1394248902797699,0.8047536015510559,0.8918154835700989
0.7286829352378845,0.13674472272396088,0.8121644258499146,0.8963474035263062
0.7286829352378845,0.13732533156871796,0.8111116290092468,0.8957058191299438
0.7455980777740479,0.16392721235752106,0.775793194770813,0.8737427592277527
0.7455980777740479,0.165531188249588,0.7722179889678955,0.8714706301689148
0.7455980777740479,0.15519490838050842,0.7822566032409668,0.8778271079063416
0.7455980777740479,0.1732347160577774,0.7664185166358948,0.867765486240387
0.7505732774734497,0.03695082291960716,0.9363057613372803,0.9671052694320679
0.7505732774734497,0.05221303179860115,0.9088119864463806,0.9522278904914856
0.7505732774734497,0.09456003457307816,0.8399069309234619,0.9129884839057922
0.7505732774734497,0.04863431304693222,0.9151106476783752,0.9556739330291748
0.7555336952209473,0.06587586551904678,0.9449024796485901,0.9716708064079285
0.7555336952209473,0.06612546741962433,0.944818913936615,0.9716266393661499
0.7555336952209473,0.06160186603665352,0.9487549066543579,0.9737036824226379
0.7555336952209473,0.06409056484699249,0.9464834928512573,0.972506046295166
0.7599999904632568,0.05468389764428139,0.9414705634117126,0.9698530435562134
0.7599999904632568,0.07642246037721634,0.9162519574165344,0.956295907497406
0.7599999904632568,0.03167204186320305,0.9677205681800842,0.9835955500602722
0.7599999904632568,0.01680993102490902,0.985183835029602,0.9925366044044495
0.7659898400306702,0.12488368898630142,0.8179402947425842,0.8998538851737976
0.7659898400306702,0.10844134539365768,0.8371628522872925,0.9113648533821106
0.7659898400306702,0.1162777990102768,0.8333175778388977,0.9090815186500549
0.7659898400306702,0.11753111332654953,0.8277196884155273,0.9057403206825256
0.7680172324180603,0.04027261584997177,0.9120070338249207,0.9539787173271179
0.7680172324180603,0.03643067926168442,0.9217322468757629,0.9592722654342651
0.7680172324180603,0.03951343521475792,0.9120305180549622,0.9539915919303894
0.7680172324180603,0.048337098211050034,0.8939915299415588,0.9440290927886963
0.7793051600456238,0.07625190913677216,0.9307383894920349,0.9641268849372864
0.7793051600456238,0.07539121806621552,0.9312494397163391,0.9644010066986084
0.7793051600456238,0.0823855847120285,0.9252681136131287,0.9611836075782776
0.7793051600456238,0.1321614384651184,0.8773111701011658,0.9346465468406677
0.7808620929718018,0.03130583465099335,0.9521539211273193,0.9754906296730042
0.7808620929718018,0.027135374024510384,0.9593737721443176,0.9792656898498535
0.7808620929718018,0.022392958402633667,0.9678161144256592,0.9836448431015015
0.7808620929718018,0.024720573797822,0.9635738730430603,0.9814490675926208
0.781370997428894,0.06129918619990349,0.8766348361968994,0.9342625737190247
0.781370997428894,0.034019023180007935,0.9307692050933838,0.9641434550285339
0.781370997428894,0.045603007078170776,0.9079592823982239,0.9517595767974854
0.781370997428894,0.03933876380324364,0.9208376407623291,0.9587876200675964
0.7850427627563477,0.030309516936540604,0.9350770115852356,0.9664494395256042
0.7850427627563477,0.057111483067274094,0.8741565942764282,0.9328533411026001
0.7850427627563477,0.0565519817173481,0.8754788041114807,0.9336056113243103
0.7850427627563477,0.03915688768029213,0.9143043160438538,0.9552340507507324
0.7900588512420654,0.08318893611431122,0.8651630282402039,0.9277076721191406
0.7900588512420654,0.09053759276866913,0.8524590134620667,0.9203540086746216
0.7900588512420654,0.08986665308475494,0.8534850478172302,0.9209516644477844
0.7900588512420654,0.09191342443227768,0.8498276472091675,0.9188182353973389
0.7902960777282715,0.012713302858173847,0.9901315569877625,0.9950413107872009
0.7902960777282715,0.019508205354213715,0.9831578731536865,0.9915074110031128
0.7902960777282715,0.013683933764696121,0.9892762899398804,0.9946092367172241
0.7902960777282715,0.012708386406302452,0.9901315569877625,0.9950413107872009
0.7991040349006653,0.008839035406708717,0.9942528605461121,0.9971181750297546
0.7991040349006653,0.021872777491807938,0.9821965098381042,0.9910182952880859
0.7991040349006653,0.030820094048976898,0.9745953679084778,0.9871342778205872
0.7991040349006653,0.03273196518421173,0.9725722670555115,0.9860954284667969
0.8007182478904724,0.07377084344625473,0.8864938020706177,0.9398322105407715
0.8007182478904724,0.06197332963347435,0.903743326663971,0.949438214302063
0.8007182478904724,0.058722998946905136,0.9085484147071838,0.952083170413971
0.8007182478904724,0.07143715769052505,0.8893893361091614,0.9414569139480591
0.8044845461845398,0.09790782630443573,0.8510335087776184,0.9195225238800049
0.8044845461845398,0.09590856730937958,0.8519587516784668,0.9200623631477356
0.8044845461845398,0.10032311826944351,0.8452062010765076,0.9161102771759033
0.8044845461845398,0.09200631082057953,0.8585566878318787,0.9238961338996887
0.8089710474014282,0.04116010293364525,0.9629079103469849,0.9811034798622131
0.8089710474014282,0.03240734338760376,0.9706598520278931,0.9851114749908447
0.8089710474014282,0.022990375757217407,0.9801391959190369,0.9899700284004211
0.8089710474014282,0.019717134535312653,0.9835236072540283,0.991693377494812
0.8092537522315979,0.18123753368854523,0.6918585300445557,0.8178680539131165
0.8092537522315979,0.12052987515926361,0.7667769193649292,0.8679951429367065
0.8092537522315979,0.16858135163784027,0.7034550905227661,0.8259156346321106
0.8092537522315979,0.18346340954303741,0.6878007650375366,0.815026044845581
0.8123423457145691,0.08363278955221176,0.8873873949050903,0.940334141254425
0.8123423457145691,0.0831342339515686,0.888018012046814,0.9406880736351013
0.8123423457145691,0.08403889089822769,0.8869819641113281,0.9401064515113831
0.8123423457145691,0.08164113014936447,0.888918936252594,0.9411932826042175
0.8142537474632263,0.024357011541724205,0.9552238583564758,0.9770992398262024
0.8142537474632263,0.024369940161705017,0.9552238583564758,0.9770992398262024
0.8142537474632263,0.02518463507294655,0.9535871148109436,0.9762422442436218
0.8142537474632263,0.043763719499111176,0.9138287901878357,0.9549744725227356
0.8187426924705505,0.019556093961000443,0.984473705291748,0.9921761155128479
0.8187426924705505,0.01213755737990141,0.9912280440330505,0.9955947399139404
0.8187426924705505,0.019409045577049255,0.9845906496047974,0.9922354817390442
0.8187426924705505,0.024853022769093513,0.9797688126564026,0.9897810220718384
0.8216901421546936,0.05540001019835472,0.9428169131278992,0.9705669283866882
0.8216901421546936,0.05475333705544472,0.9434506893157959,0.9709026217460632
0.8216901421546936,0.032058458775281906,0.9683802723884583,0.9839361906051636
0.8216901421546936,0.009548763744533062,0.9931690096855164,0.9965727925300598
0.8229126334190369,0.012346761301159859,0.9905751347541809,0.9952652454376221
0.8229126334190369,0.05028077960014343,0.9542338252067566,0.9765810370445251
0.8229126334190369,0.01258361991494894,0.9903528690338135,0.9951530694961548
0.8229126334190369,0.02822726219892502,0.9747019410133362,0.9871889352798462
0.8231446743011475,0.0067081209272146225,0.9960377216339111,0.9980149269104004
0.8231446743011475,0.034842051565647125,0.9434521794319153,0.9709034562110901
0.8231446743011475,0.007816409692168236,0.9937106966972351,0.9968454241752625
0.8231446743011475,0.014742009341716766,0.9805130958557129,0.9901606440544128
0.8241726756095886,0.008281601592898369,0.9928571581840515,0.9964157938957214
0.8241726756095886,0.014524144120514393,0.9790111184120178,0.9893942475318909
0.8241726756095886,0.0056219822727143764,0.9991374611854553,0.999568521976471
0.8241726756095886,0.008481058292090893,0.9923609495162964,0.9961658120155334
0.8267803192138672,0.04649597778916359,0.9501498341560364,0.9744377732276917
0.8267803192138672,0.05147313326597214,0.9444279074668884,0.9714198112487793
0.8267803192138672,0.04899376630783081,0.946966290473938,0.9727608561515808
0.8267803192138672,0.07900581508874893,0.9107576012611389,0.9532947540283203
0.8336363434791565,0.0820491686463356,0.8697326183319092,0.9303283095359802
0.8336363434791565,0.06228078156709671,0.9040921926498413,0.9496306777000427
0.8336363434791565,0.06498293578624725,0.8999999761581421,0.9473684430122375
0.8336363434791565,0.06352493911981583,0.9008115530014038,0.947817862033844
0.8337640166282654,0.03495999053120613,0.9474033117294312,0.9729913473129272
0.8337640166282654,0.042588893324136734,0.9333110451698303,0.9655053019523621
0.8337640166282654,0.04180894047021866,0.9369379281997681,0.9674423933029175
0.8337640166282654,0.03706291690468788,0.9437272548675537,0.9710490703582764
0.8355128169059753,0.03351415693759918,0.9452438950538635,0.9718512892723083
0.8355128169059753,0.03326135128736496,0.9451886415481567,0.9718220829963684
0.8355128169059753,0.045711711049079895,0.9221717715263367,0.9595102667808533
0.8355128169059753,0.021007709205150604,0.9682931303977966,0.9838911890983582
0.848421037197113,0.06210164353251457,0.9128630757331848,0.9544468522071838
0.848421037197113,0.06796601414680481,0.9040899276733398,0.9496294260025024
0.848421037197113,0.06405593454837799,0.9103540182113647,0.9530736207962036
0.848421037197113,0.04481227323412895,0.9376076459884644,0.9677993059158325
0.8490731716156006,0.061087243258953094,0.9147617220878601,0.955483615398407
0.8490731716156006,0.05796082690358162,0.9198113083839417,0.9582309722900391
0.8490731716156006,0.05736231058835983,0.9206798672676086,0.9587020874023438
0.8490731716156006,0.05147014185786247,0.9292452931404114,0.9633252024650574
0.8629299402236938,0.06090295687317848,0.9005908370018005,0.9476956725120544
0.8629299402236938,0.09839407354593277,0.8422746658325195,0.9143855571746826
0.8629299402236938,0.07097512483596802,0.8837602138519287,0.9382937550544739
0.8629299402236938,0.004901019390672445,1.0,1.0
0.8752586245536804,0.012789720669388771,0.9804750084877014,0.9901412725448608
0.8752586245536804,0.013398800976574421,0.9785726070404053,0.9891703128814697
0.8752586245536804,0.02674885280430317,0.9449331760406494,0.9716870784759521
0.8752586245536804,0.02094659022986889,0.9597087502479553,0.9794402122497559
0.8783756494522095,0.06770700216293335,0.9012357592582703,0.9480526447296143
0.8783756494522095,0.06370187550783157,0.9096959829330444,0.952712893486023
0.8783756494522095,0.053827084600925446,0.9202070832252502,0.95844566822052
0.8783756494522095,0.06671423465013504,0.903230607509613,0.9491552114486694
0.8794382214546204,0.05541475489735603,0.914893627166748,0.9555555582046509
0.8794382214546204,0.032247599214315414,0.9511813521385193,0.9749799370765686
0.8794382214546204,0.03954167664051056,0.9403398036956787,0.9692527055740356
0.8794382214546204,0.05313190817832947,0.9178718328475952,0.957177460193634
0.8801966309547424,0.015009515918791294,0.9889136552810669,0.9944259524345398
0.8801966309547424,0.012983580119907856,0.9906406402587891,0.9952983260154724
0.8801966309547424,0.013096238486468792,0.990557074546814,0.9952561259269714
0.8801966309547424,0.014663955196738243,0.9892200827598572,0.9945808053016663
0.8841935396194458,0.040143486112356186,0.9185185432434082,0.9575289487838745
0.8841935396194458,0.08772233873605728,0.8255109786987305,0.9044163227081299
0.8841935396194458,0.024315183982253075,0.9538461565971375,0.9763779640197754
0.8841935396194458,0.03512208163738251,0.9300232529640198,0.9637430310249329
0.8841953873634338,0.004184721037745476,1.0,1.0
0.8841953873634338,0.004184721037745476,1.0,1.0
0.8841953873634338,0.004184721037745476,1.0,1.0
0.8841953873634338,0.01698840968310833,0.977011501789093,0.9883720874786377
0.8914802670478821,0.009318020194768906,0.9934210777282715,0.9966996908187866
0.8914802670478821,0.009318020194768906,0.9934210777282715,0.9966996908187866
0.8914802670478821,0.009318020194768906,0.9934210777282715,0.9966996908187866
0.8914802670478821,0.009318020194768906,0.9934210777282715,0.9966996908187866
0.8955286741256714,0.049981314688920975,0.9548567533493042,0.9769071340560913
0.8955286741256714,0.053285177797079086,0.952112078666687,0.975468635559082
0.8955286741256714,0.05186382681131363,0.9536417722702026,0.976270854473114
0.8955286741256714,0.08808295428752899,0.9191842675209045,0.9578905701637268
0.8962393403053284,0.042509570717811584,0.9100285768508911,0.9528952240943909
0.8962393403053284,0.03469850867986679,0.9259796738624573,0.9615674614906311
0.8962393403053284,0.03662774711847305,0.9223082065582275,0.95958411693573
0.8962393403053284,0.02664286457002163,0.9439600706100464,0.9711722731590271
0.9047937989234924,0.047919679433107376,0.9300927519798279,0.9637803435325623
0.9047937989234924,0.04716257005929947,0.9311926364898682,0.9643705487251282
0.9047937989234924,0.04491167888045311,0.9338216185569763,0.9657784700393677
0.9047937989234924,0.03892149776220322,0.9437983632087708,0.9710866808891296
0.9052486419677734,0.026310022920370102,0.9623655676841736,0.9808219075202942
0.9052486419677734,0.026310022920370102,0.9623655676841736,0.9808219075202942
0.9052486419677734,0.026310022920370102,0.9623655676841736,0.9808219075202942
0.9052486419677734,0.026515433564782143,0.9622104167938232,0.9807413220405579
0.9060447812080383,0.019395116716623306,0.9819051027297974,0.99086993932724
0.9060447812080383,0.01646251231431961,0.9853665828704834,0.99262934923172
0.9060447812080383,0.016577886417508125,0.9852941036224365,0.9925925731658936
0.9060447812080383,0.013228056021034718,0.9891489148139954,0.9945448637008667
0.9088150262832642,0.004486218560487032,0.9981502890586853,0.9990742802619934
0.9088150262832642,0.0036143511533737183,0.9989017248153687,0.9994505643844604
0.9088150262832642,0.0023900701198726892,1.0,1.0
0.9088150262832642,0.008752445690333843,0.9942528605461121,0.9971181750297546
0.9186173677444458,0.004892682656645775,0.9980424046516418,0.9990202784538269
0.9186173677444458,0.0029224155005067587,1.0,1.0
0.9186173677444458,0.0029432044830173254,1.0,1.0
0.9186173677444458,0.002976815216243267,0.9999678730964661,0.9999839067459106
0.9233980774879456,0.0028457408770918846,1.0,1.0
0.9233980774879456,0.0028457408770918846,1.0,1.0
0.9233980774879456,0.0028457408770918846,1.0,1.0
0.9233980774879456,0.0028457408770918846,1.0,1.0
0.9250746369361877,0.05464988946914673,0.8934707641601562,0.9437386393547058
0.9250746369361877,0.055694468319416046,0.8916417360305786,0.9427173137664795
0.9250746369361877,0.04877646267414093,0.904410719871521,0.9498063921928406
0.9250746369361877,0.056787699460983276,0.890045166015625,0.9418242573738098
0.9259008765220642,0.030669203028082848,0.9619819521903992,0.9806226491928101
0.9259008765220642,0.035549942404031754,0.954954981803894,0.9769585132598877
0.9259008765220642,0.029803546145558357,0.963018000125885,0.9811606407165527
0.9259008765220642,0.03213842958211899,0.9597297310829163,0.9794511198997498
0.9287050366401672,0.021721238270401955,0.9631374478340149,0.9812226295471191
0.9287050366401672,0.004813929088413715,1.0,1.0
0.9287050366401672,0.02284141629934311,0.960608184337616,0.9799083471298218
0.9287050366401672,0.02401800826191902,0.9584884643554688,0.9788042902946472
0.9291045069694519,0.0050413175486028194,1.0,1.0
0.9291045069694519,0.023224499076604843,0.9591296315193176,0.9791384935379028
0.9291045069694519,0.0050582666881382465,1.0,1.0
0.9291045069694519,0.0050743757747113705,1.0,1.0
0.9317544102668762,0.011906351894140244,0.991253674030304,0.9956076145172119
0.9317544102668762,0.01182874757796526,0.9913114309310913,0.9956367611885071
0.9317544102668762,0.011788002215325832,0.9913403391838074,0.995651364326477
0.9317544102668762,0.011887343600392342,0.991253674030304,0.9956076145172119
0.9339326024055481,0.02789922244846821,0.9593482613563538,0.9792523980140686
0.9339326024055481,0.029748786240816116,0.9560964703559875,0.9775555729866028
0.9339326024055481,0.03063289076089859,0.9541320204734802,0.9765276908874512
0.9339326024055481,0.029534492641687393,0.9562015533447266,0.9776104688644409
0.9345282912254333,0.004530697595328093,1.0,1.0
0.9345282912254333,0.004530697595328093,1.0,1.0
0.9345282912254333,0.004530697595328093,1.0,1.0
0.9345282912254333,0.004530697595328093,1.0,1.0
0.9358288645744324,0.0145466523244977,0.9836585521697998,0.9917619824409485
0.9358288645744324,0.029579203575849533,0.9572192430496216,0.9781420826911926
0.9358288645744324,0.02175593376159668,0.9707184433937073,0.9851416945457458
0.9358288645744324,0.024121016263961792,0.9670317769050598,0.9832395911216736
0.938169002532959,0.0032726586796343327,1.0,1.0
0.938169002532959,0.0036216899752616882,0.9996126890182495,0.99980628490448
0.938169002532959,0.009690646082162857,0.9927816987037659,0.9963777661323547
0.938169002532959,0.0032726586796343327,1.0,1.0
0.943117618560791,0.011053204536437988,0.9876470565795898,0.9937851428985596
0.943117618560791,0.020161371678113937,0.970588207244873,0.9850746393203735
0.943117618560791,0.013754868879914284,0.9825882315635681,0.9912176728248596
0.943117618560791,0.018692132085561752,0.973058819770813,0.9863454699516296
0.9449242353439331,0.004371673334389925,0.999091386795044,0.9995455145835876
0.9449242353439331,0.019653135910630226,0.9810606241226196,0.990439772605896
0.9449242353439331,0.013177844695746899,0.9887640476226807,0.994350254535675
0.9449242353439331,0.013129201717674732,0.9887640476226807,0.994350254535675
0.9453204870223999,0.004724203608930111,1.0,1.0
0.9453204870223999,0.023410722613334656,0.9633792638778687,0.9813480973243713
0.9453204870223999,0.004724203608930111,1.0,1.0
0.9453204870223999,0.004724203608930111,1.0,1.0
0.9651592373847961,0.0047823055647313595,1.0,1.0
0.9651592373847961,0.0047823055647313595,1.0,1.0
0.9651592373847961,0.021929964423179626,0.9665701985359192,0.9830009937286377
0.9651592373847961,0.0047823055647313595,1.0,1.0
0.9654545187950134,0.01628008857369423,0.9812206625938416,0.9905213117599487
0.9654545187950134,0.010287231765687466,0.9896770715713501,0.9948117733001709
0.9654545187950134,0.016253191977739334,0.9812206625938416,0.9905213117599487
0.9654545187950134,0.01612454652786255,0.9814049601554871,0.9906152486801147
0.9785786867141724,0.0036118749994784594,1.0,1.0
0.9785786867141724,0.00998575147241354,0.989847719669342,0.9948979616165161
0.9785786867141724,0.006981417071074247,0.9948731064796448,0.9974299669265747
0.9785786867141724,0.007998421788215637,0.9930456876754761,0.9965106844902039
0.9835609793663025,0.0036355762276798487,1.0,1.0
0.9835609793663025,0.0036355762276798487,1.0,1.0
0.9835609793663025,0.0036355762276798487,1.0,1.0
0.9835609793663025,0.004002390429377556,0.9996098875999451,0.9998049139976501
0.9846067428588867,0.01672748290002346,0.978236973285675,0.9889987707138062
0.9846067428588867,0.016585571691393852,0.9783982634544373,0.9890812039375305
0.9846067428588867,0.010515695437788963,0.9888888597488403,0.994413435459137
0.9846067428588867,0.01686549372971058,0.9780219793319702,0.9888888597488403
0.9846552014350891,0.005123513750731945,1.0,1.0
0.9846552014350891,0.005123513750731945,1.0,1.0
0.9846552014350891,0.005123513750731945,1.0,1.0
0.9846552014350891,0.005123513750731945,1.0,1.0
0.9855617880821228,0.002163490979000926,1.0,1.0
0.9855617880821228,0.0021462677977979183,1.0,1.0
0.9855617880821228,0.002154723973944783,1.0,1.0
0.9855617880821228,0.002137485658749938,1.0,1.0
0.9893678426742554,0.0038776469882577658,1.0,1.0
0.9893678426742554,0.0038776469882577658,1.0,1.0
0.9893678426742554,0.0038776469882577658,1.0,1.0
0.9893678426742554,0.0038776469882577658,1.0,1.0
0.9902419447898865,0.024041352793574333,0.9538461565971375,0.9763779640197754
0.9902419447898865,0.02453824132680893,0.952673614025116,0.9757633209228516
0.9902419447898865,0.028346922248601913,0.9442582726478577,0.9713301062583923
0.9902419447898865,0.024037877097725868,0.9538461565971375,0.9763779640197754
0.9936513304710388,0.002740831347182393,1.0,1.0
0.9936513304710388,0.002740831347182393,1.0,1.0
0.9936513304710388,0.002740831347182393,1.0,1.0
0.9936513304710388,0.002740831347182393,1.0,1.0
0.9987009167671204,0.0021655841264873743,1.0,1.0
0.9987009167671204,0.0021655841264873743,1.0,1.0
0.9987009167671204,0.0021655841264873743,1.0,1.0
0.9987009167671204,0.0021655841264873743,1.0,1.0
1.0,0.005149489734321833,1.0,1.0
1.0,0.005149489734321833,1.0,1.0
1.0,0.010053749196231365,0.988760232925415,0.9943483471870422
1.0,0.005149489734321833,1.0,1.0
